shap_std_0,label,shap_std_1,shap_std_2,shap_std_3,shap_std_4,shap_std_5,shap_std_6,shap_std_7,shap_std_8,shap_std_9,shap_std_10,shap_std_11,shap_std_12,shap_std_13,shap_std_14,shap_std_15,shap_std_16,shap_std_17,shap_std_18,shap_std_19,shap_std_20,shap_std_21,shap_std_22,shap_std_23,shap_std_24,shap_std_25,shap_std_26,shap_std_27,shap_std_28,shap_std_29,shap_std_30,shap_std_31,shap_std_32,shap_std_33,shap_std_34,shap_std_35,shap_std_36,shap_std_37,shap_std_38,shap_std_39,shap_std_40,shap_std_41,shap_std_42,shap_std_43,shap_std_44,shap_std_45,shap_std_46,shap_std_47,shap_std_48,shap_std_49,shap_std_50,shap_std_51,basket_id,n,anom,share,basket_name
0.8131420639152462,0,2.1003382833996675,0.5582226929393188,0.4980360601046814,0.0182815868905448,-0.0258887181041833,0.0,0.060919367263339,-0.0076588891782064,0.3628889425350661,0.0186317905890816,-0.0063404095891757,-0.0085773589113702,-0.009688063243053,0.0441461040277792,0.0095568380762637,0.0,0.1001525938280746,-0.0170835710386937,0.0173398317738507,-0.0356329020166922,-0.0338315356223886,-1.4726839244864494,0.0,-0.7970595027106784,0.5556575922136123,-0.3038641983944559,0.6781587731532246,0.0,0.031624540986422,-1.7330842757398428,-0.0301200269799573,0.0,-0.0129920385169372,0.0246648024983935,-0.0946796630428516,-0.6565877860164964,-0.2822416721199787,-1.8179629718481285,-0.0351514158468756,-0.6479942403123815,0.7089588582681641,1.0221569806163069,0.8998542669583338,-0.0507866974200123,0.061038234899594,-0.3882130946891901,-0.3909434792013763,0.3235537656387697,0.5523738836608867,-1.2999054076199985,-0.5464998601367311,0,857,0,0.0,Regelmäßige Kundenforderungen über Postbank
-0.5995329160280782,0,-0.435745705354479,0.4116515000541811,-1.7026612371375505,-0.0659559236050482,-0.01362435323343,0.0,0.1086663253922271,-0.0076984800464033,0.3590428990658913,0.0117929652072085,-0.0089834013107618,-0.0085845322765754,-0.00037965773793,-0.0107269547594346,0.0084742823910114,0.0,0.0892229278301028,-0.0114156918574412,0.014023593919419,-0.0356429270703674,0.005216923189058,1.312458335529368,0.0,-0.022945619455614,0.4557817891011607,2.3468669989768665,0.6638413490169527,0.0,0.0319205159733273,-0.3739168129143828,-0.0347724166263822,0.0,-0.0381627254655405,0.0097114690453378,0.0723408006060878,-0.6564719481398479,-0.2909659206330352,0.2070622581400182,-0.0344163969318483,-0.7441477492318612,0.1447497165820191,0.6154754241035456,0.8975943707321874,-0.0067702702864937,0.0573004476089909,0.536915718052172,0.7571238693642093,0.3171380378264501,-2.0056354282617246,0.5093612849956188,0.3338756032950677,1,1318,0,0.0,Regelmäßige Kassenbuchungen – David
2.0494449591919257,0,0.3759108449639348,-3.431183900395814,0.2770977722930005,0.0580433352655692,-0.1054862744933984,0.0,0.0391379039505854,-0.0076077509868097,-1.032278941516946,0.0252798847297114,-0.0014598093507055,-0.0144586105174016,-0.0090642330434579,0.0253845441339119,0.0089834280001078,0.0,-0.0638517682419486,-0.0104848053345616,0.0160070973820074,-0.0324718768416906,-0.0329580461066401,-0.3068259780142277,0.0,0.3612349398812121,0.5334218549314573,-0.4037150870316027,-1.1145392913034726,0.0,0.0338290707400204,0.2696146307853708,-0.0410526686272336,0.0,-0.0147936955682632,-0.0136449893940705,-0.2780524866173808,1.355902444015034,-0.4583002493632686,0.1636639848492684,-0.0331608694066281,1.2137093326322328,-1.691467312840104,-0.7274245335785937,-0.8288257869349882,-0.0332410899262246,0.0582941132607665,0.6492097516429982,-1.0249865362836732,0.0404239538606839,0.2681814671206465,-0.0965763737323695,-0.8383655352664121,2,1550,0,0.0,Regelmäßige Wareneinkäufe mit typischem Betrag
-0.2961219132655453,0,0.0326461453185838,0.3965220634882941,0.4544500341585772,0.0007515202195522,0.0658701578336757,0.0,0.0792051769597989,-0.0077262688745115,0.3590428990658871,0.0176227793175351,-0.0149128968064265,-0.0085779468506444,-0.0098261193402718,-0.0029751004424399,0.008815842654347,0.0,0.0541703850977285,-0.0099442285651703,0.0144336725747606,-0.0356429270703681,-0.048668272661518,1.3124583355293429,0.0,-0.8323346368192691,-2.0739274375391576,-0.296381222093858,0.7200242689004215,0.0,0.0317568499760003,0.404670569305854,-0.0301071595263728,0.0,-0.0319342719794341,-0.0365906515749313,0.0231160157995028,-0.6564719481398614,-0.280929602963025,0.2133610496176836,-0.0351719791268806,-0.6932310625886917,0.6908911318974305,0.9622028974587444,0.8898359568070111,-0.0601803533641213,-0.0075411415784494,-1.5917132040078197,0.8218557837492463,0.3596849070427436,0.5376317694316405,-0.5215191683046677,-0.041465462905731,3,2072,0,0.0,Regelmäßige Wareneinkäufe über Postbank – Alice
-0.1974735934398533,0,-0.0699612700201865,0.2392716809845136,0.5347361832936983,0.0606413320070566,0.0356577817062039,0.0,0.0969413247630094,-0.0070100622299674,0.4389218860667582,0.0146987580940845,-0.0192759442591727,-0.0085780078678716,-0.0089523008003206,-0.037030979552649,0.0088286403661904,0.0,-0.1895662759602513,-0.0104710742039863,0.0146892613746302,-0.0329842382248641,-0.0452812420918909,-0.2744147875414148,0.0,0.7485818828975458,0.4751902087352654,-0.2526976545254318,0.6302110413158988,0.0,0.0318687156870452,-0.4422762800542877,-0.0307877621495958,0.0,-0.0198313780919695,-0.060334366310952,-0.0225559018191032,-0.6736939216795661,1.126887997658708,0.031990376911765,-0.0320795971452936,-0.6960547786718417,0.6755668983414008,-1.4117745626043603,0.662071042528044,-0.0307454884998649,0.0576498340721459,0.6644996632474947,0.7111092988724271,-3.0434487801852907,0.3823018155064844,-0.0784046681877899,-0.1262807202918043,4,784,0,0.0,Regelmäßige Kundenforderungen – Charlie
2.656894047361246,0,1.7812753277764897,0.2863843115795232,0.7381246385784214,-0.4259925085128426,0.09147428330906,0.0,0.0330927310796791,-0.0032471044428488,2.4160926811284784,-0.035970601337677,-0.1152201149051136,-0.0085014992636601,0.0018664062215251,-0.084577326251313,0.0512131526425165,0.0,0.1653042666636631,-0.0069520185078309,-65.26198893921037,-0.0550015357865776,0.0185171913440049,-7.580465202442858,0.0,1.086370861643742,-4.031315377019246,-0.1326620042812125,0.3564621329396838,0.0,0.0394605852275095,-0.2849898449071584,-0.0346474360337851,0.0,0.0185431225976043,0.1380275153238856,-3.0677294136941105,-0.91643817984547,-0.3964047214705101,0.690655818815149,-0.0241454743411382,0.1166630259922574,0.146090594570468,1.0652922486919465,0.8345659415920395,-37.15385053545911,-52.36397075301548,0.4629825418973616,0.5587139114013449,0.2221737660609394,0.3880814008009702,1.4311872659400864,17.219166618767222,5,12,0,0.0,Regelmäßige Mietzahlungen durch Max
3.652619757170677,0,2.221641126085577,0.4565763053560547,0.529860384186501,0.0251736243411632,0.0156857373861974,0.0,0.0698613207400183,-0.0080758394597088,0.3590428990658885,0.0178581468941582,-0.0078249637948816,-0.0085773589113702,-0.0105423640451496,0.0510300977550358,0.0095116246927274,0.0,0.1172388383484489,-0.008857152638957,0.0791746074203817,-0.0356429270703679,-0.0091781624599488,-1.4740392063719143,0.0,-0.9526119910436982,0.6196553820697578,-0.0815829721686662,0.6174588973258198,0.0,-28.2465919058882,0.4046705693058562,-0.0430197770731262,0.0,-0.020601706299059,-0.009180363507463,-0.1118147713558287,-0.6564719481398642,-0.2809818946167968,-22.52794823524816,29.17329263337749,1.2289479381864663,-2.2854497806481,1.112183329803481,1.3234097575958046,10.475165067201436,-12.777699869442428,-1.8592034866053224,0.7984954829199667,0.3319159190755427,0.5239266432089001,-1.0166676553540692,-0.7136441062272335,6,60,0,0.0,Regelmäßige Gehaltsbuchungen
-0.2761828234660279,0,-0.7042437890710019,-0.1443407253194742,0.2949468687113429,-0.0048146303993913,0.0239175713086201,0.0,0.0931468537740801,-0.007790328721054,-0.998869569108592,0.0180020731086977,-0.0127083654648513,-0.0086199390303551,-0.0099573733067791,-0.0064311056576048,0.0082470127138646,0.0,-0.1302353594004107,-0.0099503977718522,0.0142966901975553,-0.0330411879741014,-0.0491065221185329,-0.3125626305387412,0.0,0.0655197234453064,0.5562951469941187,-0.2855532416372101,-1.549952598516201,0.0,0.0327176962752208,0.4046705693058539,-0.043009243523148,0.0,-0.0330115227723953,-0.1248241883792762,0.002228876332791,1.422864958110631,-0.4907367890743411,0.2071631874354191,-0.0351591037091951,1.490890564237087,-1.7293942031967704,-0.8174799599595031,-1.0282105425270132,-0.0454081008575067,0.0644066499920041,-1.4881242526907874,0.8419176870619787,0.3596632590672197,0.4962002696155703,0.2698643252935752,0.0802512790845954,7,3484,0,0.0,Regelmäßige Wareneinkäufe – Alice
0.299029107822089,0,1.7022655280873966,-3.6616458436186656,0.5022192706512316,-0.627996759721786,-0.0100342364931747,0.0,0.0102124618039866,-2.6136173918421552,0.3590428990658885,-0.1840098305442331,-0.3195589385021619,-0.0085773589113702,-0.0105423640451496,0.8703531367460684,0.0070439403353356,0.0,-0.7367265680946694,-0.0148962935024159,0.0261286352396619,-0.0296802187456488,29.165327894738795,-0.3125626305387398,0.0,0.6606360119889554,0.5704425350260738,-0.1257576588612869,0.4346493150136042,0.0,0.0309627144948612,0.2012698493283535,29.172926409358084,0.0,-0.0134233459378499,12.86299870287578,-0.1312824821742239,-0.6564719481398642,-0.3188723408792103,-1.9173117298199187,-0.0314269334300617,0.4960182423632157,-1.0728051002258254,-0.7334863233387947,-1.133834260148294,8.542931143155473,-9.33634658895141,-0.7685259285846402,0.7314191469253266,0.3187354811758213,0.4341898939699469,0.1447945231448111,-0.3564253268689493,8,60,0,0.0,Regelmäßige Sozialabgaben und Gehaltszahlungen
3.8650242373621553,0,1.717561796953598,-2.001235923511089,0.5633938118832531,-1.5522337810699245,-0.0029040196875756,0.0,0.0128606591053175,-2.6136173918421592,1.903118109542368,-0.1565835367120084,-0.3165860868127568,113.0493344786428,-0.0105423640451496,0.7796855407773037,0.0067204624061809,0.0,-0.6104343392176227,-0.0124403004768668,0.0214495801238503,-0.0287572903789175,0.0074847905828823,-0.3125626305387396,0.0,0.962978754459438,0.669923324089954,-0.1072315741882296,-0.183634512022014,0.0,0.039424463299962,0.2012698493283535,-0.0356799994478299,0.0,-0.0206708629835247,8.413989738188464,-1.1844071510872545,-0.3493476369849477,-0.2795289999833152,-1.0299875032154602,-0.0248174797099057,0.2555899311146015,-0.740887192589535,-0.5147399332944038,-0.2930790118729526,0.0983464564139557,-0.8820508637200956,-0.6881210427087369,0.7126180724150867,0.31081134940028,0.4352226117228008,0.1913259198027604,-1.5156996287190454,9,4,0,0.0,Regelmäßige Beratungs- und Rechtskosten
2.4098124931730207,1,2.5471373082751647,1.041466100960778,0.7914830152454235,0.1362325093717263,0.1325229684378399,0.0,0.0698379658222869,-0.0075891234633144,6.923470432670995,0.0229083735753919,0.0356962792418176,-0.008449402516381,0.0013007505000199,0.1150032214444019,0.0097005807997607,0.0,0.1603622813230989,0.0025322019661817,0.0183141599426081,-0.0356429270703679,0.0144562131224117,1.3050670953651529,0.0,8.704468086311305,0.7732543413694198,-0.0798708661660812,0.6411567508048613,0.0,0.1265207615383639,0.4035871516982702,-0.0301086412336562,0.0,0.1668126580400161,0.1816015891235856,0.667405268525606,-1.193999063980085,-0.3378319026758174,1.534311142760804,-0.0340302591303273,0.3703934598486764,0.9335491088981218,1.719698323129764,1.6758177569141584,0.0662698702427387,0.0640983507119407,0.7701641602438719,0.8705546765614798,0.3887197287153277,0.7585614022951542,7.920944339683808,0.5667492765082957,10,377,377,1.0,Bankbuchungen durch Fred
-0.0082246567927204,0,-0.3431876281739107,-0.5561151227976439,-1.9467573029463192,-0.0468945243639258,-0.0203610000808982,0.0,0.0839009594341942,-0.0078092434298582,-1.0053724093995735,0.0114782250120718,0.0036780222809008,-0.0086815132714791,-0.0004413175101981,0.0096488108524899,0.008459573829904,0.0,0.0589153103746197,-0.0114383896356979,0.013756100840367,-0.0330356394936079,0.0052740429531885,-0.3125626305387412,0.0,0.5447595529555471,0.4599839922585114,-0.2857359868737082,-1.4546269229821618,0.0,0.0325389038396817,-0.3739168129143849,-0.036224272762836,0.0,-0.029481796180913,-0.0462561663749479,-0.0139858700911917,1.4124789767327846,-0.744111027727753,0.2299176753920613,-0.034386054246579,1.455879257714903,0.2103309492052218,0.0270696113101573,-1.0380100558743657,0.0103197927997292,0.057340907830061,0.5307916264930594,0.7606835988428092,0.305179570591183,-1.7524120977587083,0.7997566139334993,0.2689290842095376,11,4184,0,0.0,Regelmäßige Wareneinkäufe – David
-0.2055294315699847,0,-0.0330166475213973,0.1820071444364674,0.3647382255421534,0.0248205122457406,-0.052967269030823,0.0,0.0908027990043726,-0.0077001016315446,0.3695372293418966,0.0180897095934009,-0.009274167501367,-0.0085780306043743,-0.0098569097137625,0.0098822095983988,0.0088473342499076,0.0,-0.0460998138031184,-0.0105739523155063,0.0149687814838945,-0.0330228206599681,-0.0471255149434483,-0.3107932144240182,0.0,0.1996202460335324,0.4580884135056779,-0.4235492234924765,0.664082821338357,0.0,0.0319468936105711,0.4023681874774262,-0.0301843360873863,0.0,-0.031535103615398,-0.0227301398792898,-0.0356371584148249,-0.6568734639075878,1.380293643675845,0.0341180885202633,-0.0322657969179433,-0.7095843449640641,0.6905056761579932,-1.579707818959578,-1.007485344232666,-0.0436643966929898,0.0584407381960855,0.6917977074665026,-1.2835653321888885,0.2987450706265722,0.5046532110145163,-0.0816013612806829,-0.1322756091915482,12,3926,0,0.0,Regelmäßige Umsatzerlöse mit 19 % USt – Bob
1.5300076985377664,0,-0.0014156588885749,-3.749638239942513,0.5988670586571827,-4.555939299561494,0.0370309916476564,0.0,0.0059895159853723,-2.6136173918421592,-1.0754817532756824,-65.19919283298348,-0.4029479973324678,-0.0085845274988696,-0.000849632463613,2.361883833692765,-0.02873047842669,0.0,-0.778666259072453,-0.0034664079717588,0.0771760496859559,-0.0275052792505502,-0.0492621444996698,-1.4435768794540635,0.0,1.1098346993993198,0.6177795437902449,-0.127575302631127,-0.7643867188732906,0.0,0.033691885943937,0.2012698493283534,-0.0421316801726852,0.0,0.0105511332940368,-9.498223621204662,-6.987970163064089,-0.6617920733440386,-0.574301785452179,1.0021568375028946,-0.0285540638190058,0.0851733250738776,-1.3872652418989204,-0.7447815711112825,-2.280877789418635,-0.1277011389155295,-7.147614389928935,0.5961852201167356,0.6666440796851977,0.2781136455191242,0.406214899216164,1.5205166331058877,18.21612895484128,13,12,0,0.0,Regelmäßige Energie- und Versorgungszahlungen durch Max
-0.2188730903269926,0,0.7306627663057703,0.3875223065637947,0.5128442917934883,0.0122700290648855,0.065870157833677,0.0,0.0455095057146617,-0.0080758394597088,0.3590428990658885,0.0170730821384603,-0.0149193077203158,-0.0085773589113702,-0.0105423640451496,0.0055056761380668,0.0093028334292713,0.0,0.096584048084235,-0.0077478339577839,0.055584621879455,29.173300656741915,-0.0492621444996698,-1.4740392063719143,0.0,-0.9611943483799144,-1.9257249727333647,-0.2972616568281892,0.7407933019129325,0.0,0.0316113972468437,0.4046705693058562,-0.0301071595263732,0.0,-0.0236818731070199,-0.0326214059396762,-0.085050368367475,-0.6564719481398642,-0.280929602963029,0.2215099658245807,-0.0351719791268804,-0.6488138566428266,0.6908911318974352,1.0652237705318517,0.8484533737427201,19.784544124430514,-3.669771057142402,-1.654077398143005,0.8214332999932252,0.3556123883678152,0.524864508515231,-0.7043537463073182,-0.1283961711022843,14,60,0,0.0,Regelmäßige Gehaltszahlungen über Bank
3.826009271713268,0,1.98020043814074,-4.418455112885263,0.6727167365944932,-17.457170506901807,0.0456022711997891,0.0,0.0006122130384608,-0.6878596621993365,-1.0754817532756824,-1.5193048342632591,-1.040003270857251,-0.0159270473971953,-0.000849632463613,-59.280792572395015,-0.0152055324239346,0.0,-0.2637176559060625,-0.002838685824462,0.1180767038556598,-0.0276752706416806,0.0074847905828823,-0.5870831576460442,0.0,1.2699654890208054,0.6758087938515492,-0.0528676724168775,-1.0247384847627832,0.0,0.0393337545116537,0.2012698493283535,-0.0356799994478299,0.0,0.015695869117623,-24.596069933816093,-8.302838732120323,-0.679103755262087,-0.3953671086800453,0.3292547418863332,-0.0209945022625304,-0.7510113882215806,-0.7187494303752595,-0.6855244315234188,-0.8759377639409972,-0.2467360567782725,-7.137728191613551,0.5414141657663254,0.6878945019414647,0.290365862567838,0.4512704194461714,1.5883066543998594,16.798826617279417,15,11,0,0.0,Regelmäßige Raumkosten durch Max
3.9852678409477855,0,1.890132692452718,0.991770194729057,0.5698397580373933,-0.9593858635772142,-0.0165894503133831,0.0,0.0208052510093101,-2.6136173918421592,1.903118109542368,-0.0800378131357592,-0.315447593487673,-0.0373342447822233,-0.0105423640451496,0.8984019949846355,0.0061371877223107,0.0,-0.5969210882348508,92.30261016312645,0.0223946439910473,-0.0287572903789175,0.0074847905828823,-0.3125626305387395,0.0,0.9940567404432068,0.622238395433337,-0.0541228990964118,-0.2193993941557617,0.0,0.039424463299962,0.2012698493283534,-0.0356799994478299,0.0,-0.0206708629835247,6.5592947515818905,-1.1847915074312068,-0.362331398423484,-0.2795289999833152,0.3142421267557187,-0.0243539014414383,-0.4657510566827187,-0.7412484226905588,-0.5147350750465592,-0.0527257075084082,0.1431961026186317,-0.8820508637200954,-0.8026989015707174,0.70556085049206,0.3092286940794446,0.4306390012167772,0.3705509340209184,-1.282971168223151,16,6,0,0.0,Regelmäßige Verpackungsmaterialkosten
0.2841742766541273,0,-0.124316105465752,-3.4900295325775312,0.4502012378529592,-2.964359092123286,-0.0100342364931747,0.0,-0.0101801970889309,64.64250240919606,1.903118109542368,-0.1936934911871995,-0.3172640608294452,-0.0085773589113702,-0.0105423640451496,0.2755526093040903,0.006049364225523,0.0,-1.1174933442763315,-0.0099422236161098,0.012917432215214,-0.0296802187456489,-0.0492621444996698,-0.3125626305387395,0.0,0.6606360119889549,0.5818040714201618,-0.125757658861287,-0.0756711190204223,0.0,0.0309627144948613,0.2012698493283534,-0.0430197770731262,0.0,-0.0134233459378499,17.925985219092126,0.014501090531333,-0.3450197165054356,-0.3188723408792102,0.2311417709476242,-0.0314269334300617,0.492152851757283,-1.072805100225826,-0.5762951563099917,-1.133834260148295,-0.0490011477498607,-0.8820508637200954,-0.8350921966477396,0.7613648434145736,0.3320105496384543,0.4149127670115861,0.6226573487586735,0.1312970791108366,17,12,0,0.0,Regelmäßige Reinigungskosten – Alice
0.0683667995797909,0,-0.3141816514231655,-0.4125365408188588,0.6475292720599465,-0.001935564702226,-0.0608358141096332,0.0,0.080624797581477,-0.0072514212860986,3.327246288357984,0.0173451830806929,-0.0066393265681005,-0.0085778832486052,-0.0068442137445297,0.0092558351146503,0.008632152807029,0.0,-0.0119969962022279,-0.0101190189677771,0.0142942432546777,-0.0328987103258144,-0.035526154747222,-0.3125626305387396,0.0,0.2889772420687715,0.4843907590217192,-0.3217173508878782,-0.4125876788503838,0.0,0.0342138741272351,0.0749859962748264,-0.0361883236611315,0.0,34.73220754096795,-0.0369517143390251,-0.0078722735319237,2.2731205674955404,-0.464003461575585,0.4417279082506365,-0.0348915589616712,0.3880673976270635,-0.2635181623421412,-0.5977911723673504,-0.5233541190166372,-0.0279137440358601,0.0582714212964017,0.2799467024874759,-0.0734081550591339,-0.3370619881114332,0.0172138571389889,0.3479287114295849,0.0346791166558956,18,41,1,0.024390243902439,Ungewöhnliche Bankbuchung auf der dritten Buchungszeile
3.7760140242347022,1,2.126761840428938,1.989140549266972,0.7442445039279131,123.89277777572995,0.0456022711997891,0.0,0.0905055066642372,-0.1371597205620048,4.410898373049434,0.0540479045661062,0.9198571261994296,-0.0159270473971953,-0.000849632463613,3.1660905186121777,0.0369939564449566,0.0,0.7354326212531713,-0.0029980749540453,0.0801968785278221,-0.0246388816511136,0.0074847905828823,-0.5218236907621933,0.0,1.8437170972923225,0.6629535396972864,0.016247631198517,0.7169574350363603,0.0,0.0392798755779204,0.1597368271181977,-0.0311635714891645,0.0,0.0188714176497745,11.161480341515905,-2.715578696455592,-0.692474286267613,-0.3952750892689708,0.3116283621784864,-0.0204828143078204,-0.1288594593076603,0.6012954117477626,0.1186947470434948,-0.5466822253405067,0.8108555887137012,-0.5413558425497446,0.5604404862646503,0.7182198874579429,0.3284397206696345,0.5084395887183286,1.8836950834780213,19.228234291143533,19,3,3,1.0,Ungewöhnliche Werbeausgaben durch Max
-1.0875629774226534,0,-0.9550140579030366,-3.0843295408298856,0.5604651140340317,-0.2906449202225524,0.0431578483573917,0.0,-0.0147757163303924,-0.0032471044428488,1.505297553271593,-0.0219046318317202,-0.0888821861288557,-0.008584647710627,0.0018664062215251,0.4291005402110858,-113.0478875167253,0.0,0.0673297299175364,-0.0034941877928119,0.0990975126548059,-0.0269275846365937,-0.0072729507880151,-0.2222290588431097,0.0,1.765785051249621,0.4942402381609606,-0.1709401332077491,-0.918994937964936,0.0,0.0336922271608422,-0.1571682580393877,-0.0366113490704929,0.0,0.0128051828068968,0.4447664161502107,38.44866187793845,-0.8264533417007497,-1.3821467975646171,0.7936776113705808,-0.0255758051296577,-0.1662755789957202,-2.7116043360005384,-1.8169065797168693,-1.2905952675618295,0.0582404911542814,0.1006783412135554,0.5223362777395385,0.6090884711063203,0.2309245838012263,0.416602468631683,1.6400069800917103,23.40410300813785,20,4,0,0.0,Regelmäßige Büromaterialkosten durch Max
-0.5438286371889254,0,-0.3711775171033816,0.5928885663166321,0.3504201932444416,0.001532977003391,-0.0697854292326715,0.0,0.0982601444267902,-0.0076879995727163,0.3800815751494324,0.0184581051665487,-0.0087389304897831,-0.0085845315169926,-0.0097477083242115,-0.0035061981635839,0.0092985888383393,0.0,-0.0366525314750961,-0.0101523735854316,0.0149452201856093,-0.0356429270703675,-0.0484596757928644,1.310976155985792,0.0,-0.1034850511390642,0.4538051525989379,3.817528489293761,0.6639872217706366,0.0,0.0318800607019314,0.4029324908460258,-0.0301095365631631,0.0,-0.0353033501703879,0.02193728574615,0.0589740924319366,-0.65673937085071,-0.2809296029630295,0.1356937790287321,-0.0350838887931489,-0.7205681084775404,0.683013387248013,0.954479070221582,0.8841452775011136,-0.0606957762270887,0.0584069177417149,0.6934680608772102,-1.247275444526053,0.3123086992019181,0.5416324176113188,-0.462564662144255,-0.0031730367741145,21,1880,0,0.0,Regelmäßige Kassenbuchungen – Bob
3.407671472975764,1,1.6743060958520042,-2.1217027747258976,0.7020217926494252,3.4611600069245587,0.0370309916476564,0.0,0.0869585618056101,-0.3652463502178672,4.410898373049434,0.0451952857155583,217.46132242170185,-0.0085845274988696,-0.000849632463613,4.480141480739741,0.0462622876456074,0.0,0.5579064920586613,-0.004029025077599,0.0734750595889675,-0.0248938688673924,0.0034883122479053,-0.5218236907621933,0.0,1.6621259900293288,0.6104522875170394,-0.0595403304480505,0.7814366092144435,0.0,0.0393554825766497,0.1597368271181977,-0.0344106030881859,0.0,0.0188714176497745,16.98726006665719,-2.722288114081643,-0.6920683494004708,-0.574301785452179,0.8630276001278036,-0.0251340716853467,0.2642396223885815,0.5018170886897457,-0.0698773829113069,-1.204307365618785,0.8018829339573591,-0.5413558425497446,0.521102090748462,0.7532451708119152,0.3882351914687282,0.5133047019836731,1.6754596383497662,20.268435380138783,22,1,1,1.0,Ungewöhnliche Versicherungszahlung durch Max
-0.6383244053707617,0,-0.6273922755268627,0.5945424246941006,0.3371446723526514,-0.0150660299856938,-0.0697854292326711,0.0,-10.37228541776363,-0.0075853359026915,0.3590428990658866,0.0167695207368467,-0.0094529060331016,-0.0085780868287506,-0.0095373579310365,-0.0170490311133632,0.0084378521846505,0.0,-0.0034259536101169,-0.0099455760508977,0.0146421586311314,-0.0356429270703675,-0.0489120943410184,-1.4740392063719006,0.0,0.213298069937047,0.4634810554376929,-0.3759425717560199,0.657108953154221,0.0,0.0315738309596725,0.5941243529243567,-0.030107159526373,0.0,-0.0382379975102169,0.0237110016314705,0.0682129118128003,-0.6642679497202505,-0.28092960296303,0.2070622581400158,-0.0351719791268806,-0.7406800621734512,0.6907652701305946,0.9460759863861044,0.5475649534855462,-0.057854967293185,0.0583580730800955,0.6888792549843843,-0.2936114306203817,-1.3331054144467829,0.5257923202970726,-0.4055592468921924,0.0892055201981065,23,443,0,0.0,Regelmäßige Kassen-/Forderungsbuchungen
-0.1231408620828076,0,0.1581313210215833,0.4237756808643528,0.498714151899061,-2.215412247650679,0.0293711680120049,0.0,-0.0297919158985409,-2.426253138373468,2.0544573912536843,-0.1112136093768068,-0.2622012401920274,-0.0085776574922957,-0.0105423640451496,0.2142967542638078,0.0062097276402442,0.0,43.26078370841788,-0.0079832954196538,0.0123235263674195,-0.0293193093021217,-0.0492621444996698,-0.2894068716507305,0.0,0.8184521712067958,0.5669870691707388,-0.1197243964599217,-0.393280324016462,0.0,0.0328053211627996,0.1978087641441738,-0.0423023459077145,0.0,-0.0318268962648185,20.06654604947019,0.0513788316762544,-0.3487586520131902,-0.3188723408792101,0.2242231586124745,-0.0310616998112217,0.8792905884394199,-0.9724574301159906,-0.6350863062046501,-1.004390521370238,-0.0436987690730444,-0.2713015196805921,-0.7515579368349296,0.7726610479843796,0.3475494006955238,0.4811161571546823,1.2259938178599208,0.4106999721709462,24,24,2,0.0833333333333333,Auffällige Fahrzeugkosten über Postbank durch Alice
-0.2896832081919639,0,0.148478496901186,0.4120394762155208,-1.0362674606136588,-0.0427477412274246,0.0527887208073133,0.0,0.0808110840066531,-0.0077000348255039,0.359042899065887,0.0105713609634651,-0.0090615205893775,-0.0085778675073667,-0.0003805232525277,0.0088079500787156,0.0083914054438539,0.0,0.1257464762762082,-0.0114157622275341,0.0144537276448969,-0.035642927070368,0.0053133938827827,1.312458335529343,0.0,-0.2488362003481747,-1.465492966999636,-0.2961436151314368,0.6639315305886401,0.0,0.0317397920237348,-0.3739168129143875,-0.0347724166263817,0.0,-0.0321024967198708,0.0251253261213823,0.0201872859207507,-0.6564719481398613,-0.2909659206330405,0.2132500918277291,-0.0344163969318476,-0.6969441745529341,0.1447497165820223,0.6312704683394889,0.8836821865465017,-0.0046494413422754,-0.0145486184515042,0.5484983972265511,0.7568972699656705,0.3041500687757797,-2.003640994297976,0.4211324242251136,0.2546130488176435,25,2043,0,0.0,Regelmäßige Wareneinkäufe über Postbank – David
-0.4831291539009955,0,-0.222447977115893,0.5917693844818003,0.371310973151853,0.0152019098758403,-0.0697854292326716,0.0,0.1415623046685245,-0.0077162687479351,0.3708035820973898,0.0182930369774536,-0.0089303547599404,-0.0085781393164946,-0.0098056298082241,0.0066916578395963,0.0090486536017123,0.0,-0.0045528952968804,-0.0099252223767494,0.0149311933616111,-0.0356429270703672,-0.0485491260730034,-1.4740392063718943,0.0,-0.1413772215771909,0.4567784234521319,-0.4506090939622277,0.6649065190338272,0.0,0.0318832646961118,-1.7283354495148613,-0.0301084882970684,0.0,-0.0339443834567614,0.0236455261213671,0.0386973856958555,-0.6566214382372936,-0.2809296029630319,0.2104553306362583,-0.0351227363661166,-0.7172288923271811,0.6864864337086691,0.9576858176742952,0.8827605910791934,-0.0605165906684512,0.0584502335434621,0.6960709608486716,-1.281153811265098,0.3011792634105287,0.5405451160212437,-0.5348575349259865,-0.0260597875679614,26,3223,0,0.0,Regelmäßige Kundenforderungen über Postbank – Bob
3.046687571962176,0,1.3750958224498036,-0.8366089903075691,0.2156428938230027,-0.1278371131592147,-0.0051808455989828,0.0,0.1073084461374742,-0.0080758394597088,7.808843167390304,0.002375369652057,0.0057468673763716,-0.0145093119229634,-0.0038461228020037,1.7762373317507347,0.2755070392529256,0.0,0.0904650507806833,-0.0060549769124546,0.1618110387992695,-0.0275464451875141,-0.0039414674747272,-0.3465317540035477,0.0,1.4933748217351812,0.5875134789269959,-0.3145680120458837,-0.5681617676239582,0.0,0.037301408713175,0.1421452401327656,-0.0375845499367381,0.0,-0.0033378949325394,1.096433280700601,49.91063838920238,2.660450746346565,-0.5582920978615954,0.2931958229928328,-0.0242150265755631,0.8893654035639023,-1.3438678563215656,-0.6942979231288953,-0.914365911272372,0.0354467952697244,0.0888932998318226,0.6701269265580129,0.4939269280859558,-0.2969843305899583,0.2548804971191277,0.9472734578077884,18.14420236147148,27,16,9,0.5625,Auffällige Kassenbuchungen mit hohem Betrag
3.985265632912831,0,1.895602733799593,0.9915492849035792,0.5756135808343277,-0.9593858635772142,-0.0165894503133831,0.0,0.0208052510093101,-2.613617391842159,1.903118109542368,-0.0800133144841708,-0.315447593487673,-0.0373342447822233,130.53852762305942,0.8984019949846355,0.0060922785032958,0.0,-0.6016808728850906,-0.0142272114906941,0.0223826197388327,-0.0287572903789175,0.0074847905828823,-0.3125626305387396,0.0,0.9940567404432068,0.6222383954333371,-0.0545039235942916,-0.2193993941557617,0.0,0.039424463299962,0.2012698493283534,-0.0356799994478299,0.0,-0.0206708629835247,6.5592947515818905,-1.1847915074312068,-0.362331398423484,-0.2795289999833152,-1.5671008898873375,-0.0243539014414383,-0.4657510566827187,-0.7412484226905587,-0.5147350750465592,-0.0527257075084082,0.0983464564139557,-0.8820508637200956,-0.8026989015707174,0.70556085049206,0.3092310077492605,0.4331444201024151,0.2974908514869305,-1.309027107058278,28,3,0,0.0,Regelmäßige Instandhaltungskosten
-0.273759372210722,0,-0.6236674649980009,-0.4783037139115691,0.3805188093574165,0.0301016993494421,-0.0686318417234934,0.0,0.0891717606546225,-0.0075621022646974,-1.0208281344317562,0.0176175379455075,-1.0286094769520884e-05,-0.0086148046437188,-0.0096694494203943,-0.0013290490310002,0.0085488059416376,0.0,-0.1737126450324075,-0.009909822358119,0.0144028920743304,-0.032977105675485,-0.0485555168343393,-0.3088179215840157,0.0,0.6252153378418681,0.4376406281072422,-0.4241919795115124,-1.4508907362266512,0.0,0.0327526855446735,0.3989734536186876,-0.0429695720786655,0.0,-0.0328550192690953,-0.0576450208219477,0.0039837956323399,1.3806579219306536,-0.4774683471910263,0.2113358997866252,-0.0350375067066521,1.4637854418637488,-1.6959024597308854,-0.8225974517127013,-0.9595688526615278,-0.043726320838111,0.0582334166948668,0.6773310883111777,-1.2124945171171215,0.3010222763257798,0.4600153120429591,0.2281306126498219,0.0187285655647924,29,4749,0,0.0,Regelmäßige Wareneinkäufe – Bob
1.1172455560689014,0,-0.0083856234898184,-0.6312692611100268,-1.698677177406811,-0.0299774665185405,128.5220286580808,0.0,0.0366284027844976,-0.0080758394597088,3.5172819447468107,0.0128643753178937,0.0046549669698998,-0.0085773589113702,-0.0005897262168972,0.0253581228022955,0.0083198646953734,0.0,0.0823345433428083,-0.0114147290998623,0.0140601429316817,-0.0330448916822028,0.0051916070808106,-0.3125626305387396,0.0,0.1879199036223952,0.4933453900833894,-0.2956061001908526,-1.2771133353254889,0.0,0.0316113972468437,-0.3739168129143895,-0.0362368481085026,0.0,-0.0126204933296386,-0.0068047362885669,-0.0224265473783076,8.5867605892211,-0.745517853608411,0.4062472138738981,-0.034416396931848,1.2314508792860257,0.218151504218071,0.0289291990622476,-1.133815070760999,0.011070313514187,0.0574382914054609,0.5612978993584069,0.7879134392051377,0.3140737534648034,-1.7383434667570323,0.6789072632027336,0.1813241802239566,30,2,0,0.0,Regelmäßige Bankbuchungen – David
1.8484550876254264,0,2.2470884195300003,0.6072551217374285,0.5344684655330486,0.0187440047864468,0.0431833567618048,0.0,0.0680884702843823,-0.0077289738063238,0.3808504744643908,0.018187171558072,0.0011651274617095,-0.0084983798463155,-0.0098316615488262,0.0509197395063689,0.0092231531103802,0.0,0.0927998659320278,-0.0170429152713981,0.0193700562462282,-0.0356429270703679,-0.0261256003063585,1.3124583355293338,0.0,-0.9073693600404878,-2.264861106862154,-0.0699513413812779,0.6587572218147836,0.0,0.0332328335713687,0.3676662449449452,-0.0301096234365932,0.0,-0.0140495623585539,0.0307832063965322,-0.2063854599261382,-0.6573989816137968,-0.2809195565426701,-1.6982714516759554,-0.0343673736121596,-0.6218032081933302,0.7286614156743592,1.0329144646467634,0.9232780584931234,-0.0464147444468463,0.0215564794450805,-0.2373352539365682,-0.3811112240755166,0.1734302306850868,0.5493336100843725,-1.1373201255251943,-0.6021470982951475,31,2116,0,0.0,Regelmäßige Wareneinkäufe über Postbank
-0.1937220796090644,0,-0.0444428132791413,0.2082764392893484,0.369563308513833,0.0019014874140503,0.0288716997409898,0.0,0.0922229782839249,-0.0078137913201077,0.3590428990658892,0.0184191098879182,-0.0145650209711922,-0.0085780752781733,-0.0100054464658104,0.0036625140347452,0.0086679629881223,0.0,-0.0232502765155718,-0.010581252508577,0.0148484770585735,-0.0330448916822037,-0.0473195701365733,-0.3125626305387412,0.0,-0.3808099406737915,0.5747027203230035,-0.277480334316926,0.7218477554555094,0.0,0.0318903624409204,0.4046705693058538,-0.0301071595263731,0.0,-0.0315113921937497,-0.0870483681208919,-0.0365805639043684,-0.6564719481398524,1.4003050976827964,0.0360711331440982,-0.0323172430715822,-0.7113469714049011,0.6937795209794688,-1.581013561966145,-1.0419955381768864,-0.044352358059428,0.0644426008537158,-1.5434515482151836,0.8488530296116661,0.3586236904940766,0.5159167735439424,-0.0735760962895652,-0.0847609782215797,32,3151,0,0.0,Regelmäßige Umsatzerlöse mit 19 % USt – Alice
-0.2706790905801385,0,0.2073446384793572,0.6101783269373277,0.3895131279072197,0.0060961914111308,-0.0696986041926276,0.0,0.3388628193201911,-0.0077124891020046,0.4634724991637383,0.0148090064926574,-0.0073817822883522,-0.0085780116506607,-0.0097978855886049,0.0039180653380785,0.0088338989625719,0.0,-0.1541168466503163,-0.0110158900546834,0.015262498619594,-0.0356429270703677,-0.0457230775167707,-1.4740392063718994,0.0,-0.299079584503945,0.4981009068900286,-0.2709573894740634,0.6656336985820154,0.0,0.0311519190823853,3.054208253030884,-0.0301189584152579,0.0,-0.0291111695934961,0.0109509244824028,0.013516822294399,-0.6737883720871216,-0.280929602963029,-0.1533027112749966,-0.0347347254571393,-0.6826087363949825,0.6538870100469711,0.9757417989386764,0.2557789900587315,-0.046490930731269,0.0586668918081506,0.6920854288677074,0.7174605883122472,-3.08902957584512,0.5259801974595572,-0.7648542562499577,-0.1661157300693799,33,505,0,0.0,Regelmäßige Kundenforderungen über Postbank – Charlie
0.0324965469062825,0,0.5047745019135772,0.6230373974544274,0.4377313139297998,0.003280122673127,-0.0073835034977761,0.0,0.0765151180045147,-0.0076605997058159,0.4277555349608977,0.0146817392825769,-0.0055604598010759,-0.0085798567290951,-0.0096915679897189,0.0053077473064692,0.0089538623384791,0.0,-0.0573852251304572,-0.0114826033312236,0.0153669976465672,-0.0356429270703675,-0.0444421022913404,1.3124583355293626,0.0,-0.3818574205810661,-0.8891801803287929,0.7162794523951774,0.6630778754385328,0.0,0.0312083833942155,-0.4687028652965813,-0.0301149229646623,0.0,-0.027591043742596,0.0247017854581367,-0.0092443373377989,-0.6733343745963036,-0.280928662275774,-0.246644292155295,-0.0348197288276598,-0.6673022341442445,0.6706298577196057,0.978741139614792,0.2503478965202497,-0.046520259066706,0.0463740035579946,0.7034659637241806,0.7096646985754161,-3.1737360191218067,0.5212530644543761,-0.7572592131851205,-0.2151672985444586,34,1535,0,0.0,Regelmäßige Wareneinkäufe – Charlie
0.226896515885541,0,-0.3600434270422241,-0.0407575707426658,-0.241767638688821,-0.0199498241386727,51.27543691990783,0.0,0.087975814226011,-0.0064662611207555,2.464535596186503,0.0161157668414035,-0.0084918731860982,-0.0085785532350722,-0.0022681361787854,0.0145444270025697,0.0083828798641686,0.0,0.0416181348139553,-0.0107558657551478,0.0138486442299113,-0.0330448916822028,-0.0162918531434058,-0.3125626305387396,0.0,0.3735847105814519,0.4200904751276147,-0.2479467041720131,-0.82282727874911,0.0,0.0338441160748806,-0.1650133922188337,-0.0370999409571195,0.0,-0.0334293040184417,-0.0376199807037671,0.0113433613766313,5.503018239807483,-0.4554342651360357,0.2734572433846428,-0.0337204625569517,0.705847120748326,0.0777544770863301,-0.5309577505706706,-0.503668696671609,-0.006364994343543,0.0562628086529856,0.236311258304771,0.4063611473096715,-0.2681323160646574,-0.8653041429611565,0.7342178625226364,0.2092235654576209,35,6,0,0.0,Regelmäßige Bankbuchungen
-0.29791611743804,0,0.0390486177384275,0.591541863449345,0.503941322842076,0.0144647542462515,0.0383356980250288,0.0,0.08018205141661,-0.0076442691010591,0.3827044873866946,0.0179069351294116,-0.009183712938588,-0.0085778630480083,-0.0096581077682933,0.009541180157829,0.0092123590183251,0.0,0.0120539223517724,-0.0099036676887797,0.0145851890185323,-0.0355839747176334,-0.0485227299041449,1.298459590667306,0.0,-0.2036413586572599,-1.5918970728135666,-0.4467277133640098,0.660565458002544,0.0,0.031825094475951,0.4009820071754899,-0.0302016204652102,0.0,-0.0321407070154218,0.0266916406770093,0.0260958097364139,-0.6572669835123364,-0.2906204174160663,0.2138695030893139,-0.0350369333676819,-0.6891875283028027,0.6834946595998282,0.947463516791052,0.8838216689723742,-0.0588427259744195,0.0387199231686658,0.7036667910512706,-1.1754223467336982,0.308395689337618,0.5264027100664449,-0.3873167940513708,-0.0657888788208407,36,2786,0,0.0,Regelmäßige Wareneinkäufe über Postbank – Bob
-0.4708165093894934,0,-0.2633690641488782,0.3956593092412759,0.4020710063825378,0.0005102336446597,0.029371168012005,0.0,0.0980465643979846,-0.0077410518888406,0.3590428990658925,0.0185813029237894,-0.0148867260382599,-0.0085781895928591,-0.0098564086614671,-0.0061083303168493,0.0089199350765298,0.0,0.0154232060368608,-0.0099444009303688,0.0147067394501809,-0.0356429270703672,-0.0486465679200397,-1.474039206371894,0.0,-0.7552161697955334,0.5721737951505393,-0.2960449535536818,0.7209035793095634,0.0,0.0318949551704836,-1.7414430359954112,-0.0301071595263735,0.0,-0.034465095372453,-0.0447641533621397,0.0396540658128278,-0.6564719481398472,-0.2809296029630319,0.2106044021737128,-0.0351719791268794,-0.7209964383996157,0.690891131897429,0.9556660003079992,0.8943917130710654,-0.0610624244064476,0.0643311449477236,-1.5483227881460506,0.8542373573559677,0.3626765038014817,0.5391262831460659,-0.5034737508831275,0.035856646285099,37,2726,0,0.0,Regelmäßige Kundenforderungen über Postbank – Alice
0.0654336292068605,0,-0.5620426918073075,-1.2467503769753805,0.5280734147277443,0.0625298713124996,-0.0976606302035143,0.0,0.071532320110839,-0.0070664359042598,-1.0810418108259416,0.0153580838841573,-0.0073742149591429,-0.0087943688735702,-0.0090030640072168,-0.0243606436283727,0.008570194071131,0.0,-0.2480492346672775,-0.0098592990372752,0.0141985470121423,-0.0328581739440134,-0.0469321019179437,-0.3007087414216673,0.0,0.5711071512063635,0.474459243365052,-0.2621088098929503,-1.301551656019861,0.0,0.0322426590234316,-0.4435433456843606,-0.0428343853795776,0.0,-0.0288477167481418,-0.0786922220280032,-0.0014681532303313,1.3400039566835786,-0.4475562912351616,0.2342282837845877,-0.0347168943120544,1.354071081616404,-1.630908176210094,-0.8302848476659942,0.6838880395914103,-0.030798600458286,0.0577199893764697,0.6577111905144761,0.7022439316840581,-3.0138013302679685,0.3531685747084801,0.1904569573210948,-0.0595702625328795,38,1594,0,0.0,Regelmäßige Wareneinkäufe – Charlie
2.0660372382820245,1,2.199842428984129,0.902984129165226,0.7546904226525285,0.1313396146899041,0.1314140893102501,0.0,0.0725977088785124,-0.0070027872337399,6.680299523599075,0.0230268634289602,0.0307795171212904,-0.0091403613911795,0.0015181618119812,0.0978585776717477,0.0100446513497782,0.0,0.1461625286784353,0.0025025529061212,0.0176176822166062,-0.0353206342754157,0.0130345624087842,-0.1141342517142901,0.0,-0.8204548965521358,0.6965416102852282,0.2676153162035428,0.5430179402085169,0.0,0.1236636844190339,-0.5628267930999798,-0.030727676061705,0.0,0.1646571689457915,0.1737523704875847,0.4625404360136503,-1.497824274932538,-0.7217637267086747,1.506756299474333,-0.0343518837595538,0.1822866145997755,0.7033677604567862,1.358075249947245,1.3740584224068366,0.0618488207773058,0.0622607187392073,0.7951125362754099,0.875782341939034,0.386400783190065,0.7550052675226725,8.00944223889696,0.5473814374370483,39,153,153,1.0,Fred-Buchungen mit verzögerter Erfassung
-0.4605743149294599,0,-0.0132572090089126,0.4161288131952307,-1.5370785541664311,-0.0546346675420981,-0.0132488148811143,0.0,0.0997834131538732,-0.0076748975630021,0.35904289906589,0.011692252655855,-0.0087082744740003,-0.008578212615677,-0.0003665298385224,0.0015009677927146,0.0082060078847592,0.0,0.1012511146393325,-0.0118868229952404,0.014350331800589,-0.0356429270703676,0.0055599211442507,-1.4740392063718946,0.0,-0.1353084507081465,0.4623915440187077,-0.2918216098984623,0.6626191986455178,0.0,0.031931251279478,3.8086764612527233,-0.0347724166263819,0.0,-0.0336190704585096,0.0210955962689628,0.0313956147613952,-0.6564719481398513,-0.290965920633037,0.0744697333454634,-0.034416396931848,-0.7239517222798537,0.1458168444262111,0.6280593853520335,0.8842783039088917,-0.0050685546779365,0.0572918332775938,0.5407670474058471,0.7693780049740365,0.3152409297815733,-2.038951157192672,0.3652831053919709,0.2757036268287956,40,1108,0,0.0,Regelmäßige Kundenforderungen über Postbank – David
3.778411885795431,0,1.7106544591138295,-3.991898822416411,0.6487454914262195,-3.362773203438769,0.0408208218065865,0.0,0.0035711144447744,-1.670188328966801,-1.0754817532756826,-1.830742387626433,9.9514880762776,-0.0118886614531162,-0.000849632463613,2.4693192096870544,-0.0536989903069692,0.0,-0.2675969696751011,-0.0034057083857926,0.1178723361484793,-0.0275817753765589,0.0052867274986449,-1.443576879454063,0.0,1.1384969384001271,0.6455214883697153,-0.0936943959709525,-0.9415985911864878,0.0,0.0394033226575174,0.2012698493283535,-0.0397168771417429,0.0,0.015695869117623,-21.41144088275645,-7.89857937248685,-0.6748517494017452,-0.4937397721697354,0.6325243606424318,-0.0254912884183192,-0.1678096960930845,-0.9495681479335304,-0.7892312141294408,-1.9108061740947648,-0.2516710346343018,-7.137728191613549,0.5493174931182232,0.708382521579923,0.3077269633958884,0.4621670446609751,1.4543237901732098,18.675832776498392,41,20,0,0.0,Regelmäßige Bankbuchungen durch Max
-0.3406159704109961,0,-0.0832215486051088,0.250836540176295,-1.8038945992259008,-0.0545360866282883,-0.0133137175526791,0.0,0.0988582108397224,-0.0077205336029718,0.3590428990658902,0.01173826253791,-0.0084656616054731,-0.0085781974790758,-0.0003919345141831,0.0069227832222803,0.0083606171631561,0.0,0.0771336376771198,-0.0117769606661789,0.0141779817263387,-0.0330448916822038,0.0054573697415352,-0.3125626305387412,0.0,0.2496255594991226,0.4595741495774956,-0.2785932109746464,0.6647997218684565,0.0,0.0319379495126962,-0.3739168129143836,-0.034772416626382,0.0,-0.0334222064327022,-0.0249750292083187,-0.0288421545995491,-0.6564719481398505,4.975900291557731,0.1090823533354619,-0.0315616621794351,-0.7232398531064803,0.1461305747837309,-0.912136770431341,-1.0045179082901752,0.0106251199481243,0.0573085034460949,0.5385350942830344,0.764707231258651,0.3045834388055994,-1.818915668186594,0.6419351042422217,0.2732073671562224,42,1128,0,0.0,Regelmäßige Kundenforderungen – David
4.183234366970915,1,2.4071789791553444,3.682263807402908,0.729671143523901,-1.048161890941206,0.0456022711997891,0.0,0.1057535715756747,4.736419505649699e-05,4.410898373049434,0.0590993311099841,-0.0255698389286368,-0.0159270473971953,-0.000849632463613,108.48492965039011,0.0618233069711443,0.0,-0.5106668359031505,-0.0029980749540453,0.1097681717317861,-0.0253371699564491,0.0074847905828823,-0.0087051092282983,0.0,2.0160611205780543,0.6685865069582131,0.1238394340387436,0.1841270393849617,0.0,0.039333862367572,0.2685210899526453,-0.0311635714891645,0.0,0.0188714176497745,-0.8236033133418679,27.068025711219345,-0.692474286267613,-0.5732306725574936,0.3116283621784864,-0.019648340135863,-0.2412911702332683,1.118735749368565,-0.54919750229797,-0.5467106869107392,0.0575291457444875,0.0779309298190813,0.5745073902165584,0.7263811698170103,0.3442028362800148,0.4986067271190547,1.8215420111135137,24.187586671314737,43,1,1,1.0,Ungewöhnliche Raumkosten als Barbuchung durch Max
1.7386784372212538,0,0.1673981642413807,-2.5037495777817944,0.4216605000133228,0.0206259213238847,-0.0091852048966698,0.0,0.0383591635267016,-0.0078581277075036,-1.0109320358821388,0.0260656061950949,-0.012773086761021,-0.0120015892520614,-0.0100962884990088,0.023684215714209,0.0087255697988908,0.0,-0.00110486297819,-0.0102096383433224,0.0156650688440842,-0.0327375892406014,-0.0409482387271706,-0.312562630538741,0.0,-0.2509373273419521,0.6510554741818922,-0.288041136465597,-1.2302870476397567,0.0,0.0328083941461477,0.4046705693058545,-0.0421457919917324,0.0,-0.0139017927732153,-0.0776271981692859,-0.1809300055790653,1.4103715642566514,-0.4704514403178046,0.2336918536070923,-0.0341036856269898,1.2272204255605872,-1.8373067472661,-0.7870492181241925,-1.0140635315864488,-0.0405474897819184,0.0645105358394518,-1.4447818815680376,0.8231127227699756,0.3471427266729271,0.4777764131082681,-0.1282994927168763,-0.6137389448425783,44,865,0,0.0,"Regelmäßige Wareneinkäufe – Alice, niedrige Beträge"
0.7170951972055097,1,0.4029937900001048,0.1140710369283613,20.41411427533405,0.0214547652865555,-0.0556476560805091,0.0,0.0863774865968254,-0.0032471044428488,-0.8667241479928699,0.0201223712101414,-0.0148616939274179,-0.0116059081487678,0.0020983345139639,0.016500725393396,0.0080785813762757,0.0,0.1373176299083789,-0.0051500214029924,0.012934292554653,-0.0294341288279666,0.0107473376293262,-0.3125626305387396,0.0,0.779056706818577,0.5850345173283248,-0.1228215259955932,-0.3187874269724632,0.0,0.0413399081357682,-0.0346362910198485,-0.0246266384524012,0.0,-0.0353482557748464,0.0915000077893594,0.0709729765901994,1.2410858026056537,0.8823635863830175,0.024110270896232,-0.0317833717825774,1.1955558428482556,0.6560065887700943,1.3945208677231198,0.5857992690504564,0.0244633795126963,0.0494408698256716,0.650180484950893,0.803801087582634,0.4145029164035619,2.4972867942071324,1.91293279332761,0.5015192282219427,45,19,19,1.0,Zeitlich auffällige Wareneinkäufe durch David
4.585158995470272,1,2.682741012482379,1.7548049859310788,0.6954596161529669,-0.2168491223786763,0.06221087263456,0.0,0.1394545605291762,-0.0075929659580228,4.384797534294005,0.0236624692953855,0.0130960416068424,-0.0085845702197591,-0.0005662497899105,3.210808422645876,0.1830286830717062,0.0,0.159919004660755,-0.0057020341618662,0.4495157304894774,-0.0272150727453655,0.0074847905828823,0.9269058053572954,0.0,1.2408035448891828,0.6982217877885155,0.7382183698250893,0.6567286150644083,0.0,0.0396713729511878,0.404670569305856,-0.0301071595263733,0.0,0.015695869117623,1.259649921692509,-2.5458412153935286,-0.8127008154861092,-0.3962462665204986,0.3292547418863333,-0.0211027378843359,-0.1335356899152137,0.7206935242680346,1.3333178560220382,1.5332388261000696,0.1113713397425136,0.1081591765484254,0.7457782076578429,0.7878591568940101,0.3488375737853038,0.6059895175452285,1.066841638044169,34.65941590281802,46,10,10,1.0,Ungewöhnlich hohe Barbuchungen durch Max
-0.5720118894578132,0,-0.7111360938879118,0.3945274646734232,0.3438208499974444,-0.0208771410092366,0.0293711680120047,0.0,0.1090134459720644,-0.0076880774053246,0.3590428990658911,0.0188769870109916,-0.0148277535375789,-0.008584532451891,-0.0097478677975651,-0.0234666792407896,0.0089525535553926,0.0,-0.0183895612622049,-0.0099444021882207,0.0146167621344849,-0.0356429270703674,-0.049014133372956,1.3124583355293666,0.0,-0.5961521645792974,0.5648924929261444,2.346606935934733,0.7177540120806606,0.0,0.0319115914372431,0.404670569305854,-0.0301071595263732,0.0,-0.0381889095939708,-0.0503759574015487,0.0790078624385842,-0.6564719481398484,-0.2809296029630301,0.2070622581400181,-0.0351719791268797,-0.7435756988202525,0.6908911318974296,0.946125297718722,0.8869235230395683,-0.062341828001137,0.0642499741308512,-1.5195170694113622,0.8447564303843682,0.3740144657203539,0.5367447102457189,-0.2818193813434715,0.1304101469240547,47,1320,0,0.0,Regelmäßige Kassenbuchungen – Alice
0.2841742766541273,0,-0.1243161054657519,-3.490029532577533,0.450201237852959,-2.96466037141306,-0.0100342364931747,0.0,-0.0101801970889309,-2.6136173918421592,1.903118109542368,-0.1936934911871995,-0.3172640608294452,-0.0085773589113702,-0.0105423640451496,0.2755420652811949,0.0060493563500548,0.0,-1.1174933442763322,-0.0099422236161098,0.0129174289611653,-0.0296802187456489,-0.0492621444996698,-0.3125626305387395,0.0,0.6606360119889552,0.5818040714201618,-0.1257576588612871,-0.0756711190204224,0.0,0.0309627144948613,0.2012698493283534,-0.0430197770731262,0.0,-0.0134233459378499,17.926022887546196,0.014501090531333,-0.3450197165054358,-0.3188723408792101,0.2311417709476243,-0.0314269334300617,0.492152851757283,-1.0728051002258263,-0.5762951563099914,-1.1338342601482945,-0.0490011477498607,-0.8820508637200958,-0.8350921966477399,0.7613648434145736,0.3320105496384543,0.4149127670115861,0.6226573487586732,0.1312970791108366,48,24,0,0.0,Regelmäßige Fahrzeugleasingkosten – Alice
1.647814842974269,0,2.075916665504746,0.5296783275599836,-0.6848452416144357,-0.0328951582760882,0.0555704261190576,0.0,0.0672361888579136,-0.0077008480904186,0.354132594639552,0.0121686630676227,0.0066819024368944,-0.0085987821845547,-0.0003809759809283,0.0554592840156076,0.008259941991206,0.0,0.1526746395036761,-0.01856027945619,0.0189995083559595,-0.0356243651377732,0.0109524867429223,1.3066338876222838,0.0,-0.8865708889840856,-2.166315356076609,-0.1345724518416992,0.6527656946552254,0.0,0.033160711625702,-0.3739168129143883,-0.0347650931439355,0.0,-0.0140938802925704,0.0541480962658897,-0.2164062235953347,-0.6488508644187226,-0.2911788735949415,-1.7198212681136118,-0.0336952062104852,-0.6219852288766979,0.1916616032223455,0.6898411407902701,0.9396182612279624,0.0045024935536117,-0.0142907958082649,0.5675695317031373,0.7602576473312915,0.3173709106819558,-2.2530526966841866,-0.078563463665797,-0.1214429236119629,49,837,0,0.0,Regelmäßige Wareneinkäufe über Postbank – David
